ID	Front	Back	Tags	Topic	Subtopic	Type	Added	Session
PROB-0001	What is a probability space?	<strong>Definition</strong><br>A probability space is a triple \((\Omega,\mathcal F,P)\), where \(\Omega\) is a sample space, \(\mathcal F\) is a \(\sigma\)-algebra on \(\Omega\), and \(P:\mathcal F\to[0,1]\) is a probability measure.<br><br><strong>Conditions</strong><br>\(P(\Omega)=1\), and for pairwise disjoint \((A_n)\), \[P\left(\bigcup_{n=1}^{\infty}A_n\right)=\sum_{n=1}^{\infty}P(A_n).\]	probability foundations	Probability	Foundations & random variables	definition	2026-08-17	2026-08-17-random-variables-laws-expectation.md
PROB-0002	What is a real-valued random variable on a probability space \((\Omega,\mathcal F,P)\)?	<strong>Definition</strong><br>A measurable function \[X:(\Omega,\mathcal F)\to(\mathbb R,\mathcal B(\mathbb R)).\]<br><br><strong>Measurability</strong><br>Equivalently, \(X:\Omega\to\mathbb R\) and \[X^{-1}(B)\in\mathcal F\] for every \(B\in\mathcal B(\mathbb R)\).	probability random-variable	Probability	Foundations & random variables	definition	2026-08-17	2026-08-17-random-variables-laws-expectation.md
PROB-0003	What is the distribution (or law) of a real-valued random variable \(X\)?	<strong>Definition</strong><br>The distribution (law) of \(X\) is the pushforward probability measure \(P_X\) on \((\mathbb R,\mathcal B(\mathbb R))\), defined by \[P_X(B):=P\left(X^{-1}(B)\right),\qquad B\in\mathcal B(\mathbb R).\]	probability law distribution	Probability	Foundations & random variables	definition	2026-08-17	2026-08-17-random-variables-laws-expectation.md
PROB-0004	What is the expectation of an integrable real-valued random variable \(X\)?	<strong>Definition</strong><br>\[\mathbb E[X]:=\int_\Omega X(\omega)\,dP(\omega).\]<br><br><strong>Equivalent law form</strong><br>\[\mathbb E[X]=\int_{\mathbb R}x\,dP_X(x).\]<br><br><strong>Integrability</strong><br>\[\int_\Omega |X(\omega)|\,dP(\omega)<\infty.\]	probability expectation	Probability	Expectation & variability	definition	2026-08-17	2026-08-17-random-variables-laws-expectation.md
PROB-0005	What are the basic linearity, constant, and indicator properties of expectation?	<strong>Linearity</strong><br>For integrable \(X,Y\) and constants \(a,b\), \[\mathbb E[aX+bY]=a\mathbb E[X]+b\mathbb E[Y].\]<br><br><strong>Constants</strong><br>\[\mathbb E[c]=c.\]<br><br><strong>Indicators</strong><br>For \(A\in\mathcal F\), \[\mathbb E[\mathbf 1_A]=P(A).\]	probability expectation properties	Probability	Expectation & variability	fact	2026-08-17	2026-08-17-random-variables-laws-expectation.md
PROB-0006	What is the precise distinction between a discrete random variable and an absolutely continuous random variable?	<strong>Discrete</strong><br>Under this program's convention, \(X\) is discrete when \(X(\Omega)\) is finite or countably infinite.<br><br><strong>Absolutely continuous</strong><br>\(X\) is absolutely continuous with respect to Lebesgue measure \(\lambda\) when, for every \(B\in\mathcal B(\mathbb R)\), \[\lambda(B)=0\implies P\left(X^{-1}(B)\right)=0.\] Absolutely continuous random variables have PDFs.<br><br><strong>Warning</strong><br>Singular-continuous and mixed laws also exist.	probability discrete continuous	Probability	Describing distributions	contrast	2026-08-17	2026-08-17-random-variables-laws-expectation.md
PROB-0007	What is the probability mass function (PMF) of a discrete random variable \(X\)?	<strong>Definition</strong><br>\[p_X(x):=P\left(X^{-1}(\{x\})\right),\qquad x\in X(\Omega).\]<br><br><strong>Recovering probabilities</strong><br>For every \(B\in\mathcal B(\mathbb R)\), \[P\left(X^{-1}(B)\right)=\sum_{x\in B\cap X(\Omega)}p_X(x).\]	probability pmf discrete	Probability	Describing distributions	definition	2026-08-17	2026-08-17-random-variables-laws-expectation.md
PROB-0008	What is the expectation formula for an integrable discrete random variable \(X\)?	<strong>Formula</strong><br>If \(p_X\) is the PMF of \(X\), then \[\mathbb E[X]=\sum_{x\in X(\Omega)}x\,p_X(x).\]<br><br><strong>Integrability</strong><br>\[\sum_{x\in X(\Omega)}|x|p_X(x)<\infty.\]	probability expectation pmf	Probability	Expectation & variability	fact	2026-08-17	2026-08-17-random-variables-laws-expectation.md
PROB-0009	What is a probability density function (PDF) of a real-valued random variable \(X\)?	<strong>Definition</strong><br>A PDF is a Borel-measurable function \[f_X:\mathbb R\to[0,\infty)\] such that, for every \(B\in\mathcal B(\mathbb R)\), \[P\left(X^{-1}(B)\right)=\int_B f_X(x)\,d\lambda(x).\]<br><br><strong>Existence</strong><br>A PDF exists exactly when the law of \(X\) is absolutely continuous with respect to Lebesgue measure \(\lambda\).	probability pdf density	Probability	Describing distributions	definition	2026-08-17	2026-08-17-random-variables-laws-expectation.md
PROB-0010	Give an example of a non-discrete real-valued random variable that has no PDF.	<strong>Construction</strong><br>On the infinite fair-toss space, let \(B_n(\omega)\in\{0,1\}\) indicate the \(n\)-th toss and define \[X(\omega)=\sum_{n=1}^{\infty}\frac{2B_n(\omega)}{3^n}.\]<br><br><strong>Why it is not discrete</strong><br>Its image is the uncountable Cantor set \(C\).<br><br><strong>Why it has no PDF</strong><br>\[P\left(X^{-1}(C)\right)=1,\qquad \lambda(C)=0.\] If a PDF existed, integrating it over \(C\) would have to give both \(1\) and \(0\), a contradiction. Thus \(X\) has a singular-continuous law.	probability cantor pdf	Probability	Describing distributions	application	2026-08-17	2026-08-17-random-variables-laws-expectation.md
PROB-0011	What is the expectation formula when an integrable random variable \(X\) has a PDF \(f_X\)?	<strong>Formula</strong><br>\[\mathbb E[X]=\int_{\mathbb R}x f_X(x)\,d\lambda(x).\]<br><br><strong>Connection</strong><br>This is the PDF specialization of \[\mathbb E[X]=\int_{\mathbb R}x\,dP_X(x).\]	probability expectation pdf	Probability	Expectation & variability	fact	2026-08-17	2026-08-17-random-variables-laws-expectation.md
PROB-0012	What is the cumulative distribution function (CDF) of a real-valued random variable \(X\), and how does it relate to a PMF or PDF?	<strong>Definition</strong><br>\[F_X(x):=P(X\le x).\] The CDF exists for every real-valued random variable and determines its law.<br><br><strong>Discrete case</strong><br>If \(X\) has PMF \(p_X\), \[F_X(x)=\sum_{k\le x}p_X(k).\]<br><br><strong>Absolutely continuous case</strong><br>If \(X\) has PDF \(f_X\), \[F_X(x)=\int_{-\infty}^{x}f_X(t)\,dt,\] and \(F_X'(x)=f_X(x)\) almost everywhere.	probability cdf pmf pdf	Probability	Describing distributions	definition	2026-08-18	2026-08-18-variance-cdf-discrete-distributions.md
PROB-0013	What is the variance of a real-valued random variable \(X\) with finite second moment?	<strong>Definition</strong><br>Let \(\mu=\mathbb E[X]\). Then \[\operatorname{Var}(X):=\mathbb E[(X-\mu)^2].\]<br><br><strong>Equivalent formula</strong><br>\[\operatorname{Var}(X)=\mathbb E[X^2]-(\mathbb E[X])^2.\]<br><br><strong>Interpretation</strong><br>Variance is the expected squared deviation from the mean and is always nonnegative.	probability variance	Probability	Expectation & variability	definition	2026-08-18	2026-08-18-variance-cdf-discrete-distributions.md
PROB-0014	What are the main algebraic properties of variance?	<strong>Affine transformation</strong><br>For constants \(a,b\), \[\operatorname{Var}(aX+b)=a^2\operatorname{Var}(X).\]<br><br><strong>Non-negativity</strong><br>\[\operatorname{Var}(X)\ge0.\]<br><br><strong>Zero variance</strong><br>\[\operatorname{Var}(X)=0\iff X=\mathbb E[X]\ \text{almost surely}.\]	probability variance properties	Probability	Expectation & variability	fact	2026-08-18	2026-08-18-variance-cdf-discrete-distributions.md
PROB-0015	What is the standard deviation of \(X\), and how does it transform under affine changes?	<strong>Definition</strong><br>\[\operatorname{SD}(X):=\sqrt{\operatorname{Var}(X)}.\]<br><br><strong>Units</strong><br>Standard deviation has the same physical units as \(X\).<br><br><strong>Affine transformation</strong><br>\[\operatorname{SD}(aX+b)=|a|\operatorname{SD}(X).\]	probability standard-deviation	Probability	Expectation & variability	definition	2026-08-18	2026-08-18-variance-cdf-discrete-distributions.md
PROB-0016	Describe the Bernoulli distribution.	<strong>Definition</strong><br>\(X\sim\operatorname{Bernoulli}(p)\), \(0\le p\le1\), represents one binary trial with \(P(X=1)=p\) and \(P(X=0)=1-p\).<br><br><strong>Support</strong><br>\[\{0,1\}.\]<br><br><strong>Example/Intuition</strong><br>Did one particular user click an ad? Encode click as \(1\) and no click as \(0\).<br><br><strong>PMF</strong><br>\[P(X=k)=p^k(1-p)^{1-k},\qquad k\in\{0,1\}.\]<br><br><strong>CDF</strong><br>\[F_X(x)=\begin{cases}0,&x<0,\\1-p,&0\le x<1,\\1,&x\ge1.\end{cases}\]<br><br><strong>Expectation</strong><br>\[\mathbb E[X]=p.\]<br><br><strong>Variance</strong><br>\[\operatorname{Var}(X)=p(1-p).\]	probability bernoulli discrete-distribution	Probability	Discrete distributions	distribution	2026-08-18	2026-08-18-variance-cdf-discrete-distributions.md
PROB-0017	Describe the Binomial distribution.	<strong>Definition</strong><br>\(X\sim\operatorname{Binomial}(n,p)\) counts the number of successes in \(n\) independent Bernoulli trials with common success probability \(p\).<br><br><strong>Support</strong><br>\[\{0,1,\ldots,n\}.\]<br><br><strong>Example/Intuition</strong><br>Flip a coin 20 times and let \(X\) be the number of heads.<br><br><strong>PMF</strong><br>\[P(X=k)={n\choose k}p^k(1-p)^{n-k},\qquad k=0,\ldots,n.\]<br><br><strong>CDF</strong><br>\[F_X(x)=\sum_{k=0}^{\lfloor x\rfloor}{n\choose k}p^k(1-p)^{n-k}\] for \(0\le x<n\), with \(F_X(x)=0\) for \(x<0\) and \(F_X(x)=1\) for \(x\ge n\).<br><br><strong>Expectation</strong><br>\[\mathbb E[X]=np.\]<br><br><strong>Variance</strong><br>\[\operatorname{Var}(X)=np(1-p).\]	probability binomial discrete-distribution	Probability	Discrete distributions	distribution	2026-08-18	2026-08-18-variance-cdf-discrete-distributions.md
PROB-0018	Describe the Geometric distribution.	<strong>Definition</strong><br>Using the convention that \(X\) is the trial number of the first success, \(X\sim\operatorname{Geometric}(p)\).<br><br><strong>Support</strong><br>\[\{1,2,3,\ldots\}.\]<br><br><strong>Example/Intuition</strong><br>Make repeated sales calls and let \(X\) be the number of calls until the first sale.<br><br><strong>PMF</strong><br>\[P(X=k)=(1-p)^{k-1}p,\qquad k=1,2,\ldots.\]<br><br><strong>CDF</strong><br>\[F_X(x)=\begin{cases}0,&x<1,\\1-(1-p)^{\lfloor x\rfloor},&x\ge1.\end{cases}\]<br><br><strong>Expectation</strong><br>\[\mathbb E[X]=\frac1p.\]<br><br><strong>Variance</strong><br>\[\operatorname{Var}(X)=\frac{1-p}{p^2}.\]	probability geometric discrete-distribution	Probability	Discrete distributions	distribution	2026-08-18	2026-08-18-variance-cdf-discrete-distributions.md
PROB-0019	Describe the Negative Binomial distribution.	<strong>Definition</strong><br>Using the convention that \(X\) is the trial number of the \(r\)-th success, \(X\sim\operatorname{NegBin}(r,p)\).<br><br><strong>Support</strong><br>\[\{r,r+1,r+2,\ldots\}.\]<br><br><strong>Example/Intuition</strong><br>Make repeated sales calls and let \(X\) be the number of calls needed to make the 5th sale.<br><br><strong>PMF</strong><br>\[P(X=k)={k-1\choose r-1}p^r(1-p)^{k-r},\qquad k=r,r+1,\ldots.\]<br><br><strong>CDF</strong><br>\[F_X(x)=\sum_{k=r}^{\lfloor x\rfloor}{k-1\choose r-1}p^r(1-p)^{k-r}\] for \(x\ge r\), and \(F_X(x)=0\) for \(x<r\).<br><br><strong>Expectation</strong><br>\[\mathbb E[X]=\frac rp.\]<br><br><strong>Variance</strong><br>\[\operatorname{Var}(X)=\frac{r(1-p)}{p^2}.\]<br><br><strong>Convention</strong><br>Some sources count failures before the \(r\)-th success instead of total trials; check the convention.	probability negative-binomial discrete-distribution	Probability	Discrete distributions	distribution	2026-08-18	2026-08-18-variance-cdf-discrete-distributions.md
PROB-0020	Describe the Poisson distribution.	<strong>Definition</strong><br>\(X\sim\operatorname{Poisson}(\lambda)\), \(\lambda>0\), models a count of events in a fixed interval under the usual Poisson assumptions.<br><br><strong>Support</strong><br>\[\{0,1,2,\ldots\}.\]<br><br><strong>Example/Intuition</strong><br>Let \(X\) be the number of support tickets arriving during one hour.<br><br><strong>PMF</strong><br>\[P(X=k)=e^{-\lambda}\frac{\lambda^k}{k!},\qquad k=0,1,2,\ldots.\]<br><br><strong>CDF</strong><br>\[F_X(x)=\sum_{k=0}^{\lfloor x\rfloor}e^{-\lambda}\frac{\lambda^k}{k!}\] for \(x\ge0\), and \(F_X(x)=0\) for \(x<0\).<br><br><strong>Expectation</strong><br>\[\mathbb E[X]=\lambda.\]<br><br><strong>Variance</strong><br>\[\operatorname{Var}(X)=\lambda.\]	probability poisson discrete-distribution	Probability	Discrete distributions	distribution	2026-08-18	2026-08-18-variance-cdf-discrete-distributions.md
PROB-0021	Describe the discrete uniform distribution on \(\{1,\ldots,n\}\).	<strong>Definition</strong><br>\(X\) is discrete uniform on \(\{1,\ldots,n\}\) when each value is equally likely.<br><br><strong>Support</strong><br>\[\{1,2,\ldots,n\}.\]<br><br><strong>Example/Intuition</strong><br>A fair six-sided die is discrete uniform on \(\{1,2,3,4,5,6\}\).<br><br><strong>PMF</strong><br>\[P(X=k)=\frac1n,\qquad k=1,\ldots,n.\]<br><br><strong>CDF</strong><br>\[F_X(x)=\begin{cases}0,&x<1,\\\frac{\lfloor x\rfloor}{n},&1\le x<n,\\1,&x\ge n.\end{cases}\]<br><br><strong>Expectation</strong><br>\[\mathbb E[X]=\frac{n+1}{2}.\]<br><br><strong>Variance</strong><br>\[\operatorname{Var}(X)=\frac{n^2-1}{12}.\]	probability discrete-uniform discrete-distribution	Probability	Discrete distributions	distribution	2026-08-18	2026-08-18-variance-cdf-discrete-distributions.md
PROB-0022	Describe the Hypergeometric distribution.	<strong>Definition</strong><br>\(X\sim\operatorname{Hypergeometric}(N,K,n)\) counts successes in \(n\) draws without replacement from a population of size \(N\) containing \(K\) successes.<br><br><strong>Support</strong><br>\[\max(0,n-(N-K))\le k\le\min(n,K).\]<br><br><strong>Example/Intuition</strong><br>A box has 100 parts, 10 defective; sample 20 without replacement and let \(X\) be the number of defectives selected.<br><br><strong>PMF</strong><br>\[P(X=k)=\frac{{K\choose k}{N-K\choose n-k}}{{N\choose n}}.\]<br><br><strong>CDF</strong><br>\[F_X(x)=\sum_{\substack{k\le\lfloor x\rfloor\\k\text{ feasible}}}\frac{{K\choose k}{N-K\choose n-k}}{{N\choose n}}.\]<br><br><strong>Expectation</strong><br>\[\mathbb E[X]=n\frac KN.\]<br><br><strong>Variance</strong><br>\[\operatorname{Var}(X)=n\frac KN\left(1-\frac KN\right)\frac{N-n}{N-1}.\]	probability hypergeometric discrete-distribution	Probability	Discrete distributions	distribution	2026-08-18	2026-08-18-variance-cdf-discrete-distributions.md
PROB-0023	Describe the Categorical distribution.	<strong>Definition</strong><br>\(X\sim\operatorname{Categorical}(p_1,\ldots,p_m)\) represents one draw from \(m\) categories, with \(p_i\ge0\) and \(\sum_{i=1}^m p_i=1\).<br><br><strong>Support</strong><br>\[\{1,\ldots,m\}\] after choosing a numerical encoding of the categories.<br><br><strong>Example/Intuition</strong><br>One customer chooses exactly one plan: Basic, Pro, or Enterprise.<br><br><strong>PMF</strong><br>\[P(X=i)=p_i,\qquad i=1,\ldots,m.\]<br><br><strong>CDF</strong><br>A scalar CDF requires an ordering/encoding of the categories. Under the encoding \(1,\ldots,m\), \[F_X(x)=\sum_{i\le\lfloor x\rfloor}p_i.\]<br><br><strong>Expectation</strong><br>Not intrinsic for unordered categories. Under the encoding \(1,\ldots,m\), \[\mathbb E[X]=\sum_{i=1}^m i\,p_i.\]<br><br><strong>Variance</strong><br>Not intrinsic for unordered categories. Under the encoding \(1,\ldots,m\), \[\operatorname{Var}(X)=\sum_{i=1}^m i^2p_i-\left(\sum_{i=1}^m i\,p_i\right)^2.\]	probability categorical discrete-distribution	Probability	Discrete distributions	distribution	2026-08-18	2026-08-18-variance-cdf-discrete-distributions.md
PROB-0024	Describe the Multinomial distribution.	<strong>Definition</strong><br>\((X_1,\ldots,X_m)\sim\operatorname{Multinomial}(n;p_1,\ldots,p_m)\) gives the category counts from \(n\) independent categorical trials, where \(\sum_i p_i=1\).<br><br><strong>Support</strong><br>Vectors \((x_1,\ldots,x_m)\) of nonnegative integers satisfying \[\sum_{i=1}^m x_i=n.\]<br><br><strong>Example/Intuition</strong><br>Observe 100 customers and record how many choose Basic, Pro, and Enterprise; the resulting count vector is Multinomial.<br><br><strong>PMF</strong><br>\[P(X_1=x_1,\ldots,X_m=x_m)=\frac{n!}{x_1!\cdots x_m!}\prod_{i=1}^m p_i^{x_i}.\]<br><br><strong>CDF</strong><br>The multivariate CDF is \[F(x_1,\ldots,x_m)=P(X_1\le x_1,\ldots,X_m\le x_m),\] obtained by summing the joint PMF over feasible count vectors satisfying those bounds.<br><br><strong>Expectation</strong><br>\[\mathbb E[X_i]=np_i.\]<br><br><strong>Variance</strong><br>\[\operatorname{Var}(X_i)=np_i(1-p_i).\] For \(i\ne j\), \[\operatorname{Cov}(X_i,X_j)=-np_ip_j.\]	probability multinomial discrete-distribution	Probability	Discrete distributions	distribution	2026-08-18	2026-08-18-variance-cdf-discrete-distributions.md
PROB-0025	Describe the continuous Uniform distribution.	<strong>Definition</strong><br>\(X\sim\operatorname{Uniform}(a,b)\), \(a<b\), models a value spread evenly across \([a,b]\): equal-length subintervals have equal probability.<br><br><strong>Support</strong><br>\[[a,b].\]<br><br><strong>Example/Intuition</strong><br>If an arrival is equally likely at any time from 2pm to 3pm, the arrival time is Uniform over that hour.<br><br><strong>PDF</strong><br>\[f_X(x)=\begin{cases}\frac1{b-a},&a\le x\le b,\\0,&\text{otherwise}.\end{cases}\]<br><br><strong>CDF</strong><br>\[F_X(x)=\begin{cases}0,&x<a,\\\frac{x-a}{b-a},&a\le x\le b,\\1,&x>b.\end{cases}\]<br><br><strong>Expectation</strong><br>\[\mathbb E[X]=\frac{a+b}{2}.\]<br><br><strong>Variance</strong><br>\[\operatorname{Var}(X)=\frac{(b-a)^2}{12}.\]<br><br><strong>Key property</strong><br>For every individual \(x\), \(P(X=x)=0\); probability comes from area under the density, not the PDF value itself.	probability uniform continuous-distribution	Probability	Continuous distributions	distribution	2026-08-18	2026-08-18-continuous-distributions.md
PROB-0026	Describe the Normal (Gaussian) distribution.	<strong>Definition</strong><br>\(X\sim\mathcal N(\mu,\sigma^2)\) models symmetric variation around \(\mu\), often arising approximately from many small additive effects.<br><br><strong>Support</strong><br>\[\mathbb R.\]<br><br><strong>Example/Intuition</strong><br>Repeated measurement errors around a true value are often approximately Normal: most errors are small, with large errors increasingly rare on either side.<br><br><strong>PDF</strong><br>\[f_X(x)=\frac{1}{\sigma\sqrt{2\pi}}\exp\left(-\frac{(x-\mu)^2}{2\sigma^2}\right).\]<br><br><strong>CDF</strong><br>\[F_X(x)=\Phi\left(\frac{x-\mu}{\sigma}\right),\] where \(\Phi\) is the standard Normal CDF; it has no elementary closed form.<br><br><strong>Expectation</strong><br>\[\mathbb E[X]=\mu.\]<br><br><strong>Variance</strong><br>\[\operatorname{Var}(X)=\sigma^2.\]<br><br><strong>Key property</strong><br>Standardization gives \[Z=\frac{X-\mu}{\sigma}\sim\mathcal N(0,1).\]	probability normal gaussian continuous-distribution	Probability	Continuous distributions	distribution	2026-08-18	2026-08-18-continuous-distributions.md
PROB-0027	Describe the Exponential distribution.	<strong>Definition</strong><br>\(X\sim\operatorname{Exponential}(\lambda)\), \(\lambda>0\), models the waiting time until the next event in a constant-rate Poisson process.<br><br><strong>Support</strong><br>\[[0,\infty).\]<br><br><strong>Example/Intuition</strong><br>If calls arrive randomly at a steady average rate, \(X\) can be the time from now until the next call.<br><br><strong>PDF</strong><br>\[f_X(x)=\begin{cases}\lambda e^{-\lambda x},&x\ge0,\\0,&x<0.\end{cases}\]<br><br><strong>CDF</strong><br>\[F_X(x)=\begin{cases}0,&x<0,\\1-e^{-\lambda x},&x\ge0.\end{cases}\]<br><br><strong>Expectation</strong><br>\[\mathbb E[X]=\frac1\lambda.\]<br><br><strong>Variance</strong><br>\[\operatorname{Var}(X)=\frac1{\lambda^2}.\]<br><br><strong>Key property</strong><br>Memorylessness: \[P(X>s+t\mid X>s)=P(X>t).\] It is the continuous waiting-time analogue of the Geometric distribution.	probability exponential continuous-distribution	Probability	Continuous distributions	distribution	2026-08-18	2026-08-18-continuous-distributions.md
PROB-0028	Describe the Gamma distribution.	<strong>Definition</strong><br>Using the shape-rate parameterization, \(X\sim\operatorname{Gamma}(\alpha,\lambda)\), \(\alpha,\lambda>0\), models accumulated positive waiting time; when \(\alpha\) is a positive integer it is the waiting time until the \(\alpha\)-th event in a rate-\(\lambda\) Poisson process, equivalently a sum of \(\alpha\) independent Exponential\((\lambda)\) waiting times.<br><br><strong>Support</strong><br>\[[0,\infty).\]<br><br><strong>Example/Intuition</strong><br>If calls arrive at a steady random rate, the waiting time until the 5th call is Gamma distributed.<br><br><strong>PDF</strong><br>\[f_X(x)=\frac{\lambda^\alpha}{\Gamma(\alpha)}x^{\alpha-1}e^{-\lambda x},\qquad x\ge0.\]<br><br><strong>CDF</strong><br>\[F_X(x)=\int_0^x\frac{\lambda^\alpha}{\Gamma(\alpha)}t^{\alpha-1}e^{-\lambda t}\,dt\] for \(x\ge0\); generally there is no elementary closed form.<br><br><strong>Expectation</strong><br>\[\mathbb E[X]=\frac{\alpha}{\lambda}.\]<br><br><strong>Variance</strong><br>\[\operatorname{Var}(X)=\frac{\alpha}{\lambda^2}.\]<br><br><strong>Connection</strong><br>\[\operatorname{Gamma}(1,\lambda)=\operatorname{Exponential}(\lambda).\]<br><br><strong>Convention</strong><br>Some sources use scale \(\theta=1/\lambda\) instead of rate; check the parameterization.	probability gamma continuous-distribution	Probability	Continuous distributions	distribution	2026-08-18	2026-08-18-continuous-distributions.md
PROB-0029	Describe the Beta distribution.	<strong>Definition</strong><br>\(X\sim\operatorname{Beta}(\alpha,\beta)\), \(\alpha,\beta>0\), is a flexible model for probabilities and proportions on \([0,1]\).<br><br><strong>Support</strong><br>\[[0,1].\]<br><br><strong>Example/Intuition</strong><br>If the true conversion rate is unknown, a Beta distribution can represent our uncertainty about that probability before or after seeing data.<br><br><strong>PDF</strong><br>\[f_X(x)=\frac{x^{\alpha-1}(1-x)^{\beta-1}}{B(\alpha,\beta)},\qquad 0<x<1.\]<br><br><strong>CDF</strong><br>\[F_X(x)=\int_0^x\frac{t^{\alpha-1}(1-t)^{\beta-1}}{B(\alpha,\beta)}\,dt,\] generally with no elementary closed form.<br><br><strong>Expectation</strong><br>\[\mathbb E[X]=\frac{\alpha}{\alpha+\beta}.\]<br><br><strong>Variance</strong><br>\[\operatorname{Var}(X)=\frac{\alpha\beta}{(\alpha+\beta)^2(\alpha+\beta+1)}.\]<br><br><strong>Key property</strong><br>\(\operatorname{Beta}(1,1)=\operatorname{Uniform}(0,1)\). Roughly, \(\alpha>\beta\) shifts mass toward 1, \(\alpha<\beta\) toward 0, and large \(\alpha+\beta\) concentrates the distribution around its mean.	probability beta continuous-distribution	Probability	Continuous distributions	distribution	2026-08-18	2026-08-18-continuous-distributions.md
PROB-0030	Describe the Chi-squared distribution.	<strong>Definition</strong><br>If \(Z_1,\ldots,Z_k\overset{\mathrm{iid}}\sim\mathcal N(0,1)\), then \[X=Z_1^2+\cdots+Z_k^2\sim\chi_k^2.\] It therefore measures accumulated squared standardized variation and appears naturally in variance estimation and testing.<br><br><strong>Support</strong><br>\[[0,\infty).\]<br><br><strong>Example/Intuition</strong><br>Take several independent standardized Normal errors, square them, and add them; the total squared standardized error is Chi-squared.<br><br><strong>PDF</strong><br>\[f_X(x)=\frac{1}{2^{k/2}\Gamma(k/2)}x^{k/2-1}e^{-x/2},\qquad x>0.\]<br><br><strong>CDF</strong><br>Obtained by integrating the PDF; there is generally no elementary closed form.<br><br><strong>Expectation</strong><br>\[\mathbb E[X]=k.\]<br><br><strong>Variance</strong><br>\[\operatorname{Var}(X)=2k.\]<br><br><strong>Connection</strong><br>Under the shape-rate convention, \[\chi_k^2=\operatorname{Gamma}\left(\frac{k}{2},\frac12\right).\]	probability chi-squared continuous-distribution	Probability	Continuous distributions	distribution	2026-08-18	2026-08-18-continuous-distributions.md
PROB-0031	Describe Student's \(t\) distribution.	<strong>Definition</strong><br>If \(Z\sim\mathcal N(0,1)\) and \(V\sim\chi_\nu^2\) are independent, then \[T=\frac{Z}{\sqrt{V/\nu}}\sim t_\nu.\] It is Normal-like but has heavier tails, reflecting the extra uncertainty that appears when an unknown scale is estimated from finite data.<br><br><strong>Support</strong><br>\[\mathbb R.\]<br><br><strong>Example/Intuition</strong><br>When estimating a population mean from a small Normal sample with unknown variance, the standardized sample mean follows a \(t\) distribution rather than an exact standard Normal.<br><br><strong>PDF</strong><br>\[f_T(t)=\frac{\Gamma((\nu+1)/2)}{\sqrt{\nu\pi}\,\Gamma(\nu/2)}\left(1+\frac{t^2}{\nu}\right)^{-(\nu+1)/2}.\]<br><br><strong>CDF</strong><br>Obtained by integrating the PDF; there is generally no elementary closed form.<br><br><strong>Expectation</strong><br>\[\mathbb E[T]=0\quad\text{for }\nu>1;\] for \(\nu\le1\), the expectation does not exist.<br><br><strong>Variance</strong><br>\[\operatorname{Var}(T)=\frac{\nu}{\nu-2}\quad\text{for }\nu>2.\] It is infinite for \(1<\nu\le2\) and undefined for \(\nu\le1\).<br><br><strong>Key property</strong><br>As \(\nu\to\infty\), \(t_\nu\) approaches \(\mathcal N(0,1)\).	probability student-t t-distribution continuous-distribution	Probability	Continuous distributions	distribution	2026-08-18	2026-08-18-continuous-distributions.md
PROB-0032	Describe the \(F\) distribution.	<strong>Definition</strong><br>If \(U\sim\chi_{d_1}^2\) and \(V\sim\chi_{d_2}^2\) are independent, then \[X=\frac{U/d_1}{V/d_2}\sim F_{d_1,d_2}.\] It is a ratio of independent variance-like quantities, which is why it appears in ANOVA, regression \(F\)-tests, and variance comparisons.<br><br><strong>Support</strong><br>\[(0,\infty).\]<br><br><strong>Example/Intuition</strong><br>ANOVA compares variation explained between groups with unexplained variation within groups; their ratio has an \(F\)-distribution under the null model.<br><br><strong>PDF</strong><br>\[f_X(x)=\frac{(d_1/d_2)^{d_1/2}x^{d_1/2-1}}{B(d_1/2,d_2/2)\left(1+(d_1/d_2)x\right)^{(d_1+d_2)/2}},\qquad x>0.\]<br><br><strong>CDF</strong><br>Obtained by integrating the PDF; there is generally no elementary closed form.<br><br><strong>Expectation</strong><br>\[\mathbb E[X]=\frac{d_2}{d_2-2}\quad\text{for }d_2>2;\] otherwise the expectation does not exist.<br><br><strong>Variance</strong><br>For \(d_2>4\), \[\operatorname{Var}(X)=\frac{2d_2^2(d_1+d_2-2)}{d_1(d_2-2)^2(d_2-4)}.\] The variance is not finite when \(d_2\le4\).	probability f-distribution continuous-distribution	Probability	Continuous distributions	distribution	2026-08-18	2026-08-18-continuous-distributions.md
PROB-0033	Describe the Lognormal distribution.	<strong>Definition</strong><br>\(X\sim\operatorname{Lognormal}(\mu,\sigma^2)\) means \[\log X\sim\mathcal N(\mu,\sigma^2).\] It is natural for positive quantities generated by multiplicative rather than additive effects and is typically right-skewed.<br><br><strong>Support</strong><br>\[(0,\infty).\]<br><br><strong>Example/Intuition</strong><br>If a quantity grows through many multiplicative percentage effects, such as a size built by repeated proportional growth, its distribution can be approximately Lognormal.<br><br><strong>PDF</strong><br>\[f_X(x)=\frac{1}{x\sigma\sqrt{2\pi}}\exp\left(-\frac{(\log x-\mu)^2}{2\sigma^2}\right),\qquad x>0.\]<br><br><strong>CDF</strong><br>\[F_X(x)=\Phi\left(\frac{\log x-\mu}{\sigma}\right),\qquad x>0.\]<br><br><strong>Expectation</strong><br>\[\mathbb E[X]=e^{\mu+\sigma^2/2}.\]<br><br><strong>Variance</strong><br>\[\operatorname{Var}(X)=\left(e^{\sigma^2}-1\right)e^{2\mu+\sigma^2}.\]<br><br><strong>Key property</strong><br>\(e^\mu\) is the median, not the mean; in particular \(\mathbb E[X]\ne e^\mu\) unless \(\sigma=0\).	probability lognormal continuous-distribution	Probability	Continuous distributions	distribution	2026-08-18	2026-08-18-continuous-distributions.md
PROB-0034	Describe the Weibull distribution.	<strong>Definition</strong><br>Using shape \(k>0\) and scale \(\lambda>0\), \(X\sim\operatorname{Weibull}(k,\lambda)\) is a flexible model for lifetimes and waiting times because its event/failure rate can decrease, remain constant, or increase over time.<br><br><strong>Support</strong><br>\[[0,\infty).\]<br><br><strong>Example/Intuition</strong><br>Let \(X\) be the lifetime of a machine component; Weibull can model whether failure becomes more or less likely as the component ages.<br><br><strong>PDF</strong><br>\[f_X(x)=\frac{k}{\lambda}\left(\frac{x}{\lambda}\right)^{k-1}\exp\left[-\left(\frac{x}{\lambda}\right)^k\right],\qquad x\ge0.\]<br><br><strong>CDF</strong><br>\[F_X(x)=1-\exp\left[-\left(\frac{x}{\lambda}\right)^k\right],\qquad x\ge0.\]<br><br><strong>Expectation</strong><br>\[\mathbb E[X]=\lambda\Gamma\left(1+\frac1k\right).\]<br><br><strong>Variance</strong><br>\[\operatorname{Var}(X)=\lambda^2\left[\Gamma\left(1+\frac2k\right)-\Gamma\left(1+\frac1k\right)^2\right].\]<br><br><strong>Key property</strong><br>\(k<1\) gives decreasing hazard, \(k=1\) constant hazard, and \(k>1\) increasing hazard. In particular, \[\operatorname{Weibull}(1,\lambda)=\operatorname{Exponential}(1/\lambda)\] under this scale parameterization.	probability weibull continuous-distribution	Probability	Continuous distributions	distribution	2026-08-18	2026-08-18-continuous-distributions.md
PROB-0035	Describe the Johnson \(S_U\) distribution.	<strong>Definition</strong><br>Using parameters \(\gamma\in\mathbb R\), \(\delta>0\), location \(\xi\in\mathbb R\), and scale \(\lambda>0\), \(X\) has a Johnson \(S_U\) distribution when \[Z=\gamma+\delta\operatorname{asinh}\left(\frac{X-\xi}{\lambda}\right)\sim\mathcal N(0,1).\] Equivalently, \(X=\xi+\lambda\sinh((Z-\gamma)/\delta)\). It is a flexible unbounded model for empirical data with skewness and/or heavy tails.<br><br><strong>Support</strong><br>\[\mathbb R.\]<br><br><strong>Example/Intuition</strong><br>If measurement residuals are strongly skewed with unusually heavy tails, Johnson \(S_U\) can flexibly fit that shape by transforming them to Normality.<br><br><strong>PDF</strong><br>Let \(y=(x-\xi)/\lambda\). Then \[f_X(x)=\frac{\delta}{\lambda\sqrt{2\pi}\sqrt{1+y^2}}\exp\left[-\frac12\left(\gamma+\delta\operatorname{asinh}(y)\right)^2\right].\]<br><br><strong>CDF</strong><br>\[F_X(x)=\Phi\left(\gamma+\delta\operatorname{asinh}\left(\frac{x-\xi}{\lambda}\right)\right).\]<br><br><strong>Expectation</strong><br>The mean is finite and has a closed form, but it is not a recall target for this card; the Normal-transform definition and interpretation are the durable facts.<br><br><strong>Variance</strong><br>The variance is finite and has a closed form, but it is not a recall target for this card.<br><br><strong>Key property</strong><br>The sinh/asinh transformation lets the family represent a wide range of skewness and tail weights while remaining supported on all of \(\mathbb R\).	probability johnson-su continuous-distribution	Probability	Continuous distributions	distribution	2026-08-18	2026-08-18-continuous-distributions.md
PROB-0036	What is the joint distribution (joint law) of real-valued random variables \(X,Y\) defined on the same probability space?	<strong>Definition</strong><br>The map \[(X,Y):\Omega\to\mathbb R^2,\qquad \omega\mapsto(X(\omega),Y(\omega))\] is an \(\mathbb R^2\)-valued random variable. Its joint law is the pushforward probability measure \[P_{(X,Y)}(A):=P\big((X,Y)\in A\big),\qquad A\in\mathcal B(\mathbb R^2).\]<br><br><strong>Interpretation</strong><br>It describes how \(X\) and \(Y\) behave together, not merely their individual distributions.	probability joint-law joint-distribution	Probability	Joint distributions & dependence	definition	2026-08-19	2026-08-19-joint-distributions-covariance-independence.md
PROB-0037	What are the marginal distributions of a joint law \(P_{(X,Y)}\)?	<strong>Definition</strong><br>The marginal laws are the individual laws of \(X\) and \(Y\). For \(A,B\in\mathcal B(\mathbb R)\), \[P_X(A)=P_{(X,Y)}(A\times\mathbb R),\] \[P_Y(B)=P_{(X,Y)}(\mathbb R\times B).\]<br><br><strong>Key fact</strong><br>The joint law determines its marginals, but the marginals generally do not determine the joint law.	probability marginal joint-distribution	Probability	Joint distributions & dependence	definition	2026-08-19	2026-08-19-joint-distributions-covariance-independence.md
PROB-0038	What are the joint PMF and joint PDF of two real-valued random variables, and how are the marginals recovered?	<strong>Discrete case</strong><br>\[p_{X,Y}(x,y)=P(X=x,Y=y).\] The marginal PMFs are \[p_X(x)=\sum_{y\in\mathbb R}p_{X,Y}(x,y),\qquad p_Y(y)=\sum_{x\in\mathbb R}p_{X,Y}(x,y),\] where only countably many terms can be nonzero.<br><br><strong>Absolutely continuous case</strong><br>A joint PDF \(f_{X,Y}\) satisfies \[P((X,Y)\in A)=\iint_A f_{X,Y}(x,y)\,dx\,dy.\] The marginal densities are \[f_X(x)=\int_{\mathbb R}f_{X,Y}(x,y)\,dy,\qquad f_Y(y)=\int_{\mathbb R}f_{X,Y}(x,y)\,dx.\]	probability joint-pmf joint-pdf marginals	Probability	Joint distributions & dependence	definition	2026-08-19	2026-08-19-joint-distributions-covariance-independence.md
PROB-0039	How do you compute \(\mathbb E[g(X,Y)]\) from the joint distribution of \(X,Y\)?	<strong>General form</strong><br>For integrable \(g(X,Y)\), \[\mathbb E[g(X,Y)]=\int_{\mathbb R^2}g(x,y)\,dP_{(X,Y)}(x,y).\]<br><br><strong>Discrete</strong><br>\[\mathbb E[g(X,Y)]=\sum_{(x,y)\in\mathbb R^2}g(x,y)p_{X,Y}(x,y).\]<br><br><strong>Absolutely continuous</strong><br>\[\mathbb E[g(X,Y)]=\iint_{\mathbb R^2}g(x,y)f_{X,Y}(x,y)\,dx\,dy.\]<br><br><strong>Special case</strong><br>\(\mathbb E[XY]\) is obtained by taking \(g(x,y)=xy\).	probability expectation joint-distribution	Probability	Joint distributions & dependence	fact	2026-08-19	2026-08-19-joint-distributions-covariance-independence.md
PROB-0040	What is the covariance of two real-valued random variables \(X,Y\), and what is its equivalent computational formula?	<strong>Definition</strong><br>For \(X,Y\) with finite second moments, \[\operatorname{Cov}(X,Y)=\mathbb E\left[(X-\mathbb E[X])(Y-\mathbb E[Y])\right].\]<br><br><strong>Equivalent formula</strong><br>\[\operatorname{Cov}(X,Y)=\mathbb E[XY]-\mathbb E[X]\mathbb E[Y].\]<br><br><strong>Interpretation</strong><br>Positive covariance means deviations from the two means tend to have the same sign; negative covariance means they tend to have opposite signs.<br><br><strong>Connection</strong><br>\[\operatorname{Cov}(X,X)=\operatorname{Var}(X).\]	probability covariance	Probability	Joint distributions & dependence	definition	2026-08-19	2026-08-19-joint-distributions-covariance-independence.md
PROB-0041	What does it mean for real-valued random variables \(X,Y\) to be independent?	<strong>Definition</strong><br>\(X\) and \(Y\) are independent if for every \(A,B\in\mathcal B(\mathbb R)\), \[P((X,Y)\in A\times B)=P(X\in A)P(Y\in B).\]	probability independence	Probability	Joint distributions & dependence	definition	2026-08-19	2026-08-19-joint-distributions-covariance-independence.md
PROB-0042	How does independence of \(X,Y\) appear in their PMFs, PDFs, and expectations?	<strong>Discrete case</strong><br>\[X\perp Y\iff p_{X,Y}(x,y)=p_X(x)p_Y(y)\] for all \(x,y\).<br><br><strong>Absolutely continuous case</strong><br>\[X\perp Y\iff f_{X,Y}(x,y)=f_X(x)f_Y(y)\] almost everywhere.<br><br><strong>Expectation consequence</strong><br>If \(X,Y\) are independent, then for suitable integrable functions \(g,h\), \[\mathbb E[g(X)h(Y)]=\mathbb E[g(X)]\mathbb E[h(Y)].\] In particular, \[\mathbb E[XY]=\mathbb E[X]\mathbb E[Y],\] so \[X\perp Y\implies\operatorname{Cov}(X,Y)=0.\] The converse is false.	probability independence pmf pdf expectation	Probability	Joint distributions & dependence	fact	2026-08-19	2026-08-19-joint-distributions-covariance-independence.md
PROB-0043	Give a simple example of dependent random variables with zero covariance.	<strong>Example</strong><br>Let \[X\sim\operatorname{Uniform}(-1,1)\] and define \[Y=X^2.\] They are dependent because \(Y\) is completely determined by \(X\).<br><br><strong>Covariance</strong><br>By symmetry, \[\mathbb E[X]=0,\qquad \mathbb E[X^3]=0.\] Hence \[\operatorname{Cov}(X,Y)=\mathbb E[X^3]-\mathbb E[X]\mathbb E[X^2]=0.\]<br><br><strong>Conclusion</strong><br>\[\operatorname{Cov}(X,Y)=0\not\Rightarrow X\perp Y.\]	probability covariance dependence counterexample	Probability	Joint distributions & dependence	application	2026-08-19	2026-08-19-joint-distributions-covariance-independence.md
PROB-0044	What is the correlation of \(X,Y\), and what are its fundamental bounds and interpretations?	<strong>Definition</strong><br>If \(0<\operatorname{Var}(X),\operatorname{Var}(Y)<\infty\), \[\operatorname{Corr}(X,Y)=\rho_{X,Y}=\frac{\operatorname{Cov}(X,Y)}{\sqrt{\operatorname{Var}(X)}\sqrt{\operatorname{Var}(Y)}}.\]<br><br><strong>Bound</strong><br>By Cauchy-Schwarz, \[-1\le\rho_{X,Y}\le1.\]<br><br><strong>Interpretation</strong><br>Correlation is a dimensionless measure of linear association.<br><br><strong>Equality case</strong><br>\(|\rho|=1\) iff \(X\) and \(Y\) have an exact affine relationship \(Y=aX+b\) almost surely, with the sign of \(a\) determining the sign of \(\rho\).<br><br><strong>Warning</strong><br>Zero correlation does not imply independence.	probability correlation	Probability	Joint distributions & dependence	definition	2026-08-19	2026-08-19-joint-distributions-covariance-independence.md
PROB-0045	How does covariance transform under affine transformations of \(X\) and \(Y\)?	<strong>Affine transformation</strong><br>For constants \(a,b,c,d\), \[\operatorname{Cov}(aX+b,cY+d)=ac\,\operatorname{Cov}(X,Y).\]<br><br><strong>Interpretation</strong><br>Adding constants does not affect covariance; scaling multiplies covariance by the product of the scale factors.<br><br><strong>Consequence</strong><br>\[\operatorname{Var}(X+Y)=\operatorname{Var}(X)+\operatorname{Var}(Y)+2\operatorname{Cov}(X,Y).\]	probability covariance affine variance-sum	Probability	Joint distributions & dependence	fact	2026-08-19	2026-08-19-joint-distributions-covariance-independence.md
PROB-0046	Give a simple probability game whose payout has infinite expectation.	<strong>St. Petersburg game</strong><br>Flip a fair coin until the first heads. If the first heads occurs on flip \(n\), receive \[X=2^n.\] Since \[P(X=2^n)=2^{-n},\] the expected payout is \[\mathbb E[X]=\sum_{n=1}^{\infty}2^n2^{-n}=\sum_{n=1}^{\infty}1=\infty.\]<br><br><strong>Interpretation</strong><br>\(X\) has a perfectly valid probability distribution but \[\mathbb E[X]=\infty.\] Existence of a probability law does not imply a finite expectation.	probability expectation infinite st-petersburg	Probability	Expectation & variability	application	2026-08-19	2026-08-19-joint-distributions-covariance-independence.md
PROB-0047	What is \(\sigma(Y)\) for a real-valued random variable \(Y\), and what does it represent?	<strong>Definition</strong><br>\[\sigma(Y):=\{Y^{-1}(B):B\in\mathcal B(\mathbb R)\}.\] It is the sub-\(\sigma\)-algebra generated by \(Y\).<br><br><strong>Interpretation</strong><br>\(\sigma(Y)\) represents exactly the distinctions in \(\Omega\) that can be made using \(Y\) alone. In the discrete case, it consists of unions of the level sets \(\{Y=y\}\).	probability conditioning sigma-algebra	Probability	Conditioning & conditional expectation	definition	2026-08-20	2026-08-20-conditioning-conditional-expectation.md
PROB-0048	What does it mean for a random variable \(Z\) to be \(\sigma(Y)\)-measurable?	<strong>Definition</strong><br>\(Z\) is \(\sigma(Y)\)-measurable if \[Z^{-1}(B)\in\sigma(Y)\] for every \(B\in\mathcal B(\mathbb R)\).<br><br><strong>Equivalent form</strong><br>For real-valued random variables, \[Z\text{ is }\sigma(Y)\text{-measurable}\iff Z=g(Y)\] for some Borel-measurable \(g\).<br><br><strong>Discrete intuition</strong><br>\(Z\) must be constant on each level set \(\{Y=y\}\). Thus \(Z\) can depend on \(\omega\) only through \(Y(\omega)\).	probability conditioning measurable	Probability	Conditioning & conditional expectation	definition	2026-08-20	2026-08-20-conditioning-conditional-expectation.md
PROB-0049	For discrete \(Y\), how is \(\mathbb E[X\mid Y]\) defined as a random variable?	<strong>Definition</strong><br>For discrete \(Y\), assuming the relevant conditional expectations exist, \[\mathbb E[X\mid Y]:\Omega\to\mathbb R\] is given by \[\boxed{\omega\mapsto \mathbb E[X\mid Y=Y(\omega)]}.\]<br><br><strong>Interpretation</strong><br>On the level set \(\{Y=y\}\), the random variable \(\mathbb E[X\mid Y]\) is constant with value \(\mathbb E[X\mid Y=y]\).	probability conditional-expectation discrete	Probability	Conditioning & conditional expectation	definition	2026-08-20	2026-08-20-conditioning-conditional-expectation.md
PROB-0050	What is the general definition of \(\mathbb E[X\mid\mathcal G]\)?	<strong>Definition</strong><br>Let \(X\in L^1\) and let \(\mathcal G\subseteq\mathcal F\) be a sub-\(\sigma\)-algebra. A conditional expectation of \(X\) given \(\mathcal G\) is an integrable random variable \(Z\) such that \[Z\text{ is }\mathcal G\text{-measurable}\] and \[\int_A Z\,dP=\int_A X\,dP\qquad\forall A\in\mathcal G.\]<br><br><strong>Existence and uniqueness</strong><br>Such a \(Z\) exists and is unique up to equality almost surely, and is denoted \[\mathbb E[X\mid\mathcal G].\]<br><br><strong>Conditioning on a random variable</strong><br>\[\boxed{\mathbb E[X\mid Y]:=\mathbb E[X\mid\sigma(Y)]}.\]	probability conditional-expectation definition	Probability	Conditioning & conditional expectation	definition	2026-08-20	2026-08-20-conditioning-conditional-expectation.md
PROB-0051	How do you compute the conditional law of \(X\) given \(Y=y\) in the discrete and absolutely continuous cases?	<strong>Discrete</strong><br>For \(P(Y=y)>0\), \[p_{X\mid Y}(x\mid y)=\frac{p_{X,Y}(x,y)}{p_Y(y)}.\] Then \[\mathbb E[X\mid Y=y]=\sum_x x\,p_{X\mid Y}(x\mid y).\]<br><br><strong>Absolutely continuous</strong><br>For \(f_Y(y)>0\), \[f_{X\mid Y}(x\mid y)=\frac{f_{X,Y}(x,y)}{f_Y(y)},\] and \[\mathbb E[X\mid Y=y]=\int_{\mathbb R}x f_{X\mid Y}(x\mid y)\,dx.\] For continuous \(Y\), this is not ordinary event conditioning on \(\{Y=y\}\), since typically \(P(Y=y)=0\).	probability conditioning conditional-law pmf pdf	Probability	Conditioning & conditional expectation	fact	2026-08-20	2026-08-20-conditioning-conditional-expectation.md
PROB-0052	What is the law of total expectation?	<strong>Statement</strong><br>For integrable \(X\), \[\boxed{\mathbb E[\mathbb E[X\mid Y]]=\mathbb E[X]}.\]<br><br><strong>Discrete form</strong><br>\[\boxed{\mathbb E[X]=\sum_y \mathbb E[X\mid Y=y]P(Y=y)}.\]<br><br><strong>Interpretation</strong><br>Averaging the conditional means over the distribution of \(Y\) recovers the overall mean.	probability conditional-expectation total-expectation	Probability	Conditioning & conditional expectation	fact	2026-08-20	2026-08-20-conditioning-conditional-expectation.md
PROB-0053	What can be pulled out of a conditional expectation?	<strong>Statement</strong><br>If \(Z\) is \(\sigma(Y)\)-measurable and the required integrability conditions hold, then \[\boxed{\mathbb E[ZX\mid Y]=Z\,\mathbb E[X\mid Y]}.\]<br><br><strong>Special cases</strong><br>\[\mathbb E[h(Y)X\mid Y]=h(Y)\mathbb E[X\mid Y],\qquad \mathbb E[h(Y)\mid Y]=h(Y).\]<br><br><strong>Interpretation</strong><br>Conditioning on \(Y\) does not average quantities already determined by \(Y\).	probability conditional-expectation pull-out	Probability	Conditioning & conditional expectation	fact	2026-08-20	2026-08-20-conditioning-conditional-expectation.md
PROB-0054	What is the tower property of conditional expectation?	<strong>Statement</strong><br>If \[\mathcal H\subseteq\mathcal G\subseteq\mathcal F\] and \(X\in L^1\), then \[\boxed{\mathbb E[\mathbb E[X\mid\mathcal G]\mid\mathcal H]=\mathbb E[X\mid\mathcal H]}.\]<br><br><strong>Common form</strong><br>\[\boxed{\mathbb E[\mathbb E[X\mid Y,Z]\mid Y]=\mathbb E[X\mid Y]}.\]<br><br><strong>Interpretation</strong><br>Condition on finer information and then reduce to coarser information; the result is the same as conditioning on the coarser information directly.	probability conditional-expectation tower	Probability	Conditioning & conditional expectation	fact	2026-08-20	2026-08-20-conditioning-conditional-expectation.md
PROB-0055	If \(X\) is independent of \(Y\), what is \(\mathbb E[X\mid Y]\)?	<strong>Statement</strong><br>If \(X\in L^1\) and \(X\) is independent of \(Y\), then \[\boxed{\mathbb E[X\mid Y]=\mathbb E[X]\quad\text{a.s.}}\] The right-hand side is the constant random variable \(\omega\mapsto\mathbb E[X]\).<br><br><strong>Interpretation</strong><br>\(Y\) provides no information that changes the mean of \(X\).	probability conditional-expectation independence	Probability	Conditioning & conditional expectation	fact	2026-08-20	2026-08-20-conditioning-conditional-expectation.md
PROB-0056	What is the conditional variance of \(X\) given \(Y\)?	<strong>Definition</strong><br>For square-integrable \(X\), \[\boxed{\operatorname{Var}(X\mid Y):=\mathbb E[(X-\mathbb E[X\mid Y])^2\mid Y]}.\]<br><br><strong>Equivalent form</strong><br>\[\boxed{\operatorname{Var}(X\mid Y)=\mathbb E[X^2\mid Y]-\mathbb E[X\mid Y]^2}.\]<br><br><strong>Interpretation</strong><br>Conditional variance measures the variation in \(X\) remaining after conditioning on \(Y\).	probability conditional-variance	Probability	Conditioning & conditional expectation	definition	2026-08-20	2026-08-20-conditioning-conditional-expectation.md
PROB-0057	What is the law of total variance, and how should it be interpreted?	<strong>Statement</strong><br>\[\boxed{\operatorname{Var}(X)=\mathbb E[\operatorname{Var}(X\mid Y)]+\operatorname{Var}(\mathbb E[X\mid Y])}.\]<br><br><strong>Interpretation</strong><br>\[\text{total variation}=\text{average within-}Y\text{ variation}+\text{between-}Y\text{ variation}.\] The first term is the average variance remaining after \(Y\) is known. The second measures how much the conditional mean changes with \(Y\).	probability conditional-variance total-variance	Probability	Conditioning & conditional expectation	fact	2026-08-20	2026-08-20-conditioning-conditional-expectation.md
PROB-0058	Why is conditional expectation fundamental for squared-error regression?	<strong>Statement</strong><br>For \(X\in L^2\), \[\boxed{\mathbb E[X\mid Y]=\arg\min_{Z\in L^2,\;Z\ \sigma(Y)\text{-measurable}}\mathbb E[(X-Z)^2]}.\]<br><br><strong>Decomposition</strong><br>For every such \(Z\), \[\mathbb E[(X-Z)^2]=\mathbb E[(X-\mathbb E[X\mid Y])^2]+\mathbb E[(\mathbb E[X\mid Y]-Z)^2].\]<br><br><strong>Interpretation</strong><br>Among all square-integrable predictors that can use only \(Y\), the conditional mean is the \(L^2\)-optimal predictor of \(X\): it minimizes population mean squared error.	probability conditional-expectation regression squared-error	Probability	Conditioning & conditional expectation	application	2026-08-20	2026-08-20-conditioning-conditional-expectation.md
PROB-0059	What does it mean for a sequence of random variables \(X_1,X_2,\ldots\) to be mutually independent?	<strong>Definition</strong><br>A sequence \(X_1,X_2,\ldots\) is mutually independent if, for every finite set of distinct indices \(i_1,\ldots,i_k\) and every \(A_1,\ldots,A_k\in\mathcal B(\mathbb R)\), \[P(X_{i_1}\in A_1,\ldots,X_{i_k}\in A_k)=\prod_{j=1}^kP(X_{i_j}\in A_j).\]<br><br><strong>Key distinction</strong><br>Mutual independence is stronger than pairwise independence: the factorisation must hold for every finite subcollection, not just every pair.	probability mutual-independence	Probability	Joint distributions & dependence	definition	2026-08-20	2026-08-20-law-of-large-numbers.md
PROB-0060	What does it mean for random variables \(X_1,X_2,\ldots\) to be i.i.d.?	<strong>Definition</strong><br>Random variables \(X_1,X_2,\ldots\) on a common probability space are i.i.d. when they are both:<br>1. mutually independent; and<br>2. identically distributed, so \[P_{X_i}=P_{X_j}\qquad\forall i,j.\]<br><br><strong>Equivalent form</strong><br>Identical distribution means \[P(X_i\in A)=P(X_j\in A)\] for every \(A\in\mathcal B(\mathbb R)\) and every \(i,j\).	probability iid independence law	Probability	Joint distributions & dependence	definition	2026-08-20	2026-08-20-law-of-large-numbers.md
PROB-0061	What does \(X_n\xrightarrow{P}X\) mean?	<strong>Definition</strong><br>\[X_n\xrightarrow{P}X\] means \[\forall\varepsilon>0,\ \forall\eta>0,\ \exists N\in\mathbb N\] such that \[n\ge N\implies P(|X_n-X|>\varepsilon)<\eta.\]<br><br><strong>Equivalent form</strong><br>For every \(\varepsilon>0\), \[P(|X_n-X|>\varepsilon)\to0.\]	probability convergence-in-probability	Probability	Convergence & limit theorems	definition	2026-08-20	2026-08-20-law-of-large-numbers.md
PROB-0062	What does \(X_n\xrightarrow{\mathrm{a.s.}}X\) mean?	<strong>Definition</strong><br>\[X_n\xrightarrow{\mathrm{a.s.}}X\] means \[P\left(\{\omega:X_n(\omega)\to X(\omega)\}\right)=1.\]<br><br><strong>Equivalent pathwise form</strong><br>With probability \(1\), \[\forall\varepsilon>0,\ \exists N=N(\omega,\varepsilon)\] such that \[n\ge N\implies |X_n(\omega)-X(\omega)|<\varepsilon.\]<br><br><strong>Interpretation</strong><br>For almost every fixed \(\omega\), the numerical sequence \(X_n(\omega)\) converges to \(X(\omega)\).	probability almost-sure-convergence	Probability	Convergence & limit theorems	definition	2026-08-20	2026-08-20-law-of-large-numbers.md
PROB-0063	What is the relationship between almost sure convergence and convergence in probability?	<strong>Statement</strong><br>\[\boxed{X_n\xrightarrow{\mathrm{a.s.}}X\implies X_n\xrightarrow{P}X.}\] The converse is false in general.<br><br><strong>Key distinction</strong><br>Almost sure convergence controls the entire infinite trajectory for almost every \(\omega\); convergence in probability only says that the probability of a large error at time \(n\) tends to zero.	probability convergence almost-sure	Probability	Convergence & limit theorems	fact	2026-08-20	2026-08-20-law-of-large-numbers.md
PROB-0064	State the Weak Law of Large Numbers for i.i.d. random variables.	<strong>Statement</strong><br>Let \(X_1,X_2,\ldots\) be i.i.d. real-valued random variables with \[\mathbb E[|X_1|]<\infty,\qquad \mu=\mathbb E[X_1],\] and define \[\bar X_n=\frac1n\sum_{i=1}^nX_i.\] Then \[\boxed{\bar X_n\xrightarrow{P}\mu.}\]<br><br><strong>Interpretation</strong><br>For every fixed error tolerance, the probability that the sample average lies outside that tolerance tends to \(0\).	probability weak-law lln	Probability	Convergence & limit theorems	fact	2026-08-20	2026-08-20-law-of-large-numbers.md
PROB-0065	State the Strong Law of Large Numbers for i.i.d. random variables.	<strong>Statement</strong><br>Let \(X_1,X_2,\ldots\) be i.i.d. real-valued random variables with \[\mathbb E[|X_1|]<\infty,\qquad \mu=\mathbb E[X_1].\] Then \[\boxed{\bar X_n\xrightarrow{\mathrm{a.s.}}\mu.}\]<br><br><strong>Equivalent pathwise form</strong><br>\[P\left(\left\{\omega:\frac1n\sum_{i=1}^nX_i(\omega)\to\mu\right\}\right)=1.\]<br><br><strong>Interpretation</strong><br>With probability \(1\), one realised infinite sequence has a running average converging to \(\mu\).	probability strong-law lln	Probability	Convergence & limit theorems	fact	2026-08-20	2026-08-20-law-of-large-numbers.md
PROB-0066	What does \(X_n\xrightarrow{d}X\) mean?	<strong>Definition</strong><br>Let \[F_{X_n}(x)=P(X_n\le x),\qquad F_X(x)=P(X\le x).\] Then \[X_n\xrightarrow{d}X\] means that, for every \(x\) at which \(F_X\) is continuous, \[F_{X_n}(x)\to F_X(x).\]<br><br><strong>Equivalent \(\varepsilon\)-form</strong><br>For every such \(x\) and every \(\varepsilon>0\), there exists \(N\) such that \[n\ge N\implies \left|P(X_n\le x)-P(X\le x)\right|<\varepsilon.\]<br><br><strong>Interpretation</strong><br>This describes convergence of the distributions, not necessarily convergence of realised values.	probability convergence-in-distribution	Probability	Convergence & limit theorems	definition	2026-08-21	2026-08-21-central-limit-theorem.md
PROB-0067	Why does convergence in distribution require CDF convergence only at continuity points of the limiting CDF?	<strong>Setup</strong><br>Let \[X_n=\frac1n\quad\text{a.s.},\qquad X=0\quad\text{a.s.}\] Then \(X_n(\omega)\to X(\omega)\) for every \(\omega\).<br><br><strong>At the jump</strong><br>\[F_{X_n}(0)=P(X_n\le0)=0\] for every \(n\), while \[F_X(0)=P(X\le0)=1.\] Thus \(F_{X_n}(0)\not\to F_X(0)\).<br><br><strong>Away from the jump</strong><br>For \(x<0\), both CDFs equal \(0\). For every fixed \(x>0\), eventually \(1/n\le x\), so both CDFs equal \(1\).<br><br><strong>Conclusion</strong><br>The failure occurs only at \(0\), where \(F_X\) jumps. Requiring convergence at jumps would reject this natural convergence, which is why convergence in distribution only requires CDF convergence at continuity points of the limit.	probability convergence-in-distribution cdf discontinuity	Probability	Convergence & limit theorems	application	2026-08-21	2026-08-21-central-limit-theorem.md
PROB-0068	State the classical Central Limit Theorem for i.i.d. random variables.	<strong>Statement</strong><br>Let \(X_1,X_2,\ldots\) be i.i.d. real-valued random variables with \[\mathbb E[X_i]=\mu,\qquad \operatorname{Var}(X_i)=\sigma^2,\qquad 0<\sigma^2<\infty.\] Define \[\overline X_n=\frac1n\sum_{i=1}^nX_i.\] Then \[\boxed{\frac{\sqrt n(\overline X_n-\mu)}{\sigma}\xrightarrow{d}\mathcal N(0,1)}.\]<br><br><strong>Equivalent CDF form</strong><br>For every \(x\in\mathbb R\), \[P\left(\frac{\sqrt n(\overline X_n-\mu)}{\sigma}\le x\right)\to\Phi(x),\] where \(\Phi\) is the standard Normal CDF.<br><br><strong>Interpretation</strong><br>After centring the sample mean and scaling its fluctuations to order \(1\), the distribution approaches the standard Normal.	probability central-limit-theorem clt	Probability	Convergence & limit theorems	fact	2026-08-21	2026-08-21-central-limit-theorem.md
PROB-0069	For i.i.d. random variables with mean \(\mu\) and variance \(\sigma^2<\infty\), what are the mean, variance, and standard deviation of the sample mean?	<strong>Setup</strong><br>For \[\overline X_n=\frac1n\sum_{i=1}^nX_i,\] with i.i.d. variables having mean \(\mu\) and variance \(\sigma^2<\infty\):<br><br><strong>Mean, variance, and SD</strong><br>\[\mathbb E[\overline X_n]=\mu,\qquad \operatorname{Var}(\overline X_n)=\frac{\sigma^2}{n},\qquad \operatorname{SD}(\overline X_n)=\frac{\sigma}{\sqrt n}.\]<br><br><strong>Standardization</strong><br>Therefore, \[\frac{\sqrt n(\overline X_n-\mu)}{\sigma}=\frac{\overline X_n-\mathbb E[\overline X_n]}{\operatorname{SD}(\overline X_n)}.\] This normalized variable has mean \(0\) and variance \(1\) for every \(n\).<br><br><strong>Connection to the CLT</strong><br>The CLT additionally says that the distribution of this normalized variable converges to \(\mathcal N(0,1)\).	probability sample-mean normalization standard-error	Probability	Convergence & limit theorems	fact	2026-08-21	2026-08-21-central-limit-theorem.md
PROB-0070	What is the distribution of a linear combination of independent Normal random variables?	<strong>Statement</strong><br>If \(X_i\sim N(\mu_i,\sigma_i^2)\) independently, then \[\sum_i a_iX_i\sim N\left(\sum_i a_i\mu_i,\,\sum_i a_i^2\sigma_i^2\right).\]<br><br><strong>Special case</strong><br>If \(X_i\overset{iid}{\sim}N(\mu,\sigma^2)\), then \[\bar X_n\sim N\left(\mu,\frac{\sigma^2}{n}\right)\] exactly, for every \(n\).	probability normal linear-combination sample-mean	Probability	Sums & transformations	fact	2026-08-21	2026-08-21-sums-of-random-variables.md
PROB-0071	Informally, what do the Law of Large Numbers and Central Limit Theorem say about sample averages?	<strong>Informal interpretation only</strong><br><br><strong>Law of Large Numbers</strong><br>As more i.i.d. observations are averaged, the sample average settles near the population mean \(\mu\). The LLN says the unscaled error \(\overline X_n-\mu\) disappears.<br><br><strong>Central Limit Theorem</strong><br>The remaining sample-mean fluctuations occur on the scale \(1/\sqrt n\). After centring the sample mean, magnifying by \(\sqrt n\), and scaling by \(\sigma\), the distribution of those fluctuations approaches the standard Normal distribution.<br><br>The observations themselves do not become Normal. The Normal limit describes the distribution of repeated normalized sample averages.	probability lln clt intuition	Probability	Convergence & limit theorems	contrast	2026-08-21	2026-08-21-central-limit-theorem.md
PROB-0072	If \(X\) and \(Y\) are independent, how is the distribution of \(X+Y\) obtained?	<strong>Statement</strong><br>If \(X\) and \(Y\) are independent, the distribution of \(X+Y\) is obtained by convolution.<br><br><strong>Discrete case</strong><br>\[p_{X+Y}(s)=\sum_x p_X(x)p_Y(s-x).\]<br><br><strong>Continuous case</strong><br>\[f_{X+Y}(s)=\int_{-\infty}^{\infty}f_X(x)f_Y(s-x)\,dx.\]<br><br><strong>Role of independence</strong><br>Independence is what allows the joint distribution to factor into the two marginals.	probability convolution sums independence	Probability	Sums & transformations	fact	2026-08-21	2026-08-21-sums-of-random-variables.md
PROB-0073	For \(S=\sum_{i=1}^n a_iX_i\), what are \(\mathbb E[S]\) and \(\operatorname{Var}(S)\)?	<strong>Expectation</strong><br>Always, \[\mathbb E[S]=\sum_i a_i\mathbb E[X_i].\]<br><br><strong>Variance</strong><br>In general, \[\operatorname{Var}(S)=\sum_i a_i^2\operatorname{Var}(X_i)+2\sum_{i<j}a_ia_j\operatorname{Cov}(X_i,X_j).\]<br><br>If the \(X_i\) are independent, \[\operatorname{Var}(S)=\sum_i a_i^2\operatorname{Var}(X_i).\]	probability linear-combination expectation variance covariance	Probability	Sums & transformations	fact	2026-08-21	2026-08-21-sums-of-random-variables.md
PROB-0074	What important distribution families are closed under independent sums?	<strong>Statement</strong><br>Important distribution families are closed under independent sums:<br>\[\operatorname{Bin}(n_1,p)+\operatorname{Bin}(n_2,p)\sim\operatorname{Bin}(n_1+n_2,p),\] \[\operatorname{Pois}(\lambda_1)+\operatorname{Pois}(\lambda_2)\sim\operatorname{Pois}(\lambda_1+\lambda_2),\] for a common rate \(\beta\), \[\Gamma(\alpha_1,\beta)+\Gamma(\alpha_2,\beta)\sim\Gamma(\alpha_1+\alpha_2,\beta),\] and \[\chi^2_{k_1}+\chi^2_{k_2}\sim\chi^2_{k_1+k_2}.\]<br><br><strong>Condition</strong><br>All sums above assume independence.	probability sums closure binomial poisson gamma chi-squared	Probability	Sums & transformations	fact	2026-08-21	2026-08-21-sums-of-random-variables.md
PROB-0075	How is the chi-squared distribution related to independent standard Normal random variables?	<strong>Statement</strong><br>If \[Z_1,\dots,Z_n\overset{iid}{\sim}N(0,1),\] then \[\sum_{i=1}^n Z_i^2\sim\chi_n^2.\]<br><br><strong>Equivalent standardized form</strong><br>If \(X_i\overset{iid}{\sim}N(\mu,\sigma^2)\), then \[\sum_{i=1}^n\left(\frac{X_i-\mu}{\sigma}\right)^2\sim\chi_n^2.\]	probability chi-squared normal standardization	Probability	Sums & transformations	fact	2026-08-21	2026-08-21-sums-of-random-variables.md
STAT-0001	State the statistical estimation setup for an \(\mathbb R^n\)-valued random vector.	<strong>Random data</strong><br>Start with a probability space \((\Omega,\mathcal A,\mathbb P)\) and a random vector \[X:\Omega\to\mathbb R^n.\] Its unknown law is \[P_X=\mathbb P\circ X^{-1}.\]<br><br><strong>Statistical model</strong><br>Choose \(\Theta\subseteq\mathbb R^k\) and candidate laws \[\{P_\theta:\theta\in\Theta\}\] on \(\mathbb R^n\).<br><br><strong>Unknown truth</strong><br>Assume that, for some unknown \(\theta_0\in\Theta\), \[P_X=P_{\theta_0}.\]<br><br><strong>Observed data</strong><br>We observe one realization \(x\) of \(X\) and use it to estimate \(\theta_0\).	statistics estimation model random-vector law	Statistics	Estimation	definition	2026-08-25	2026-08-25-likelihood-estimation-consolidation.md
STAT-0002	What is an estimator, and how do \(T\), \(T(X)\), and \(T(x)\) differ?	<strong>Definition</strong><br>An estimator is a measurable function \[T:\mathbb R^n\to\Theta.\]<br><br><strong>Rule</strong><br>\(T\) is the rule, chosen before observing the data.<br><br><strong>Random estimator</strong><br>\(T(X)\) is the random estimator.<br><br><strong>Observed estimate</strong><br>If \(X=x\) is observed, then \(T(x)\) is the resulting fixed estimate of \(\theta_0\).	statistics estimator estimate random-variable	Statistics	Estimation	definition	2026-08-25	2026-08-25-likelihood-estimation-consolidation.md
STAT-0003	Define the likelihood when \(P_\theta\) has PDF or PMF \(p_\theta\).	<strong>Definition</strong><br>After observing \(x\), the likelihood is \[L_x:\Theta\to[0,\infty),\qquad L_x(\theta)=p_\theta(x).\] Here \(x\) is fixed and \(\theta\) varies.<br><br><strong>Interpretation</strong><br>Likelihood compares candidate parameter values by asking how much probability mass or density each candidate law assigns to the data we actually saw.<br><br><strong>Warning</strong><br>The likelihood is a function of \(\theta\); it is not itself a probability distribution over \(\theta\).	statistics likelihood density pmf	Statistics	Estimation	definition	2026-08-25	2026-08-25-likelihood-estimation-consolidation.md
STAT-0004	How does maximum likelihood define an estimator?	<strong>Definition</strong><br>For every possible data vector \(x\), choose \(T_{\mathrm{MLE}}(x)\) such that \[L_x\bigl(T_{\mathrm{MLE}}(x)\bigr)=\max_{\theta\in\Theta}L_x(\theta),\] whenever the maximum exists. Doing this for every \(x\) defines \[T_{\mathrm{MLE}}:\mathbb R^n\to\Theta.\]<br><br><strong>Interpretation</strong><br>Likelihood scores the candidate parameter values for the observed data. Maximum likelihood turns that comparison into an estimator by choosing the highest-likelihood parameter for every possible dataset.	statistics maximum-likelihood mle estimator	Statistics	Estimation	definition	2026-08-25	2026-08-25-likelihood-estimation-consolidation.md
STAT-0005	What is the distribution of an estimator \(T\) under \(P_\theta\)?	<strong>Definition</strong><br>The distribution of \(T\) under \(P_\theta\) is the pushforward measure \[P_\theta^T=P_\theta\circ T^{-1}.\]<br><br><strong>Event form</strong><br>For measurable \(C\subseteq\Theta\), \[P_\theta^T(C)=P_\theta\bigl(T^{-1}(C)\bigr)=P_\theta\bigl(\{x\in\mathbb R^n:T(x)\in C\}\bigr).\]<br><br><strong>Interpretation</strong><br>This is the sampling distribution of \(T\) when the data law is \(P_\theta\).	statistics estimator sampling-distribution pushforward	Statistics	Estimation	definition	2026-08-25	2026-08-25-likelihood-estimation-consolidation.md
STAT-0006	Define the expectation and bias of a real-valued estimator \(T\).	<strong>Expectation</strong><br>Under the data law \(P_\theta\), \[\mathbb E_\theta[T]=\int_{\mathbb R^n}T(x)\,dP_\theta(x).\]<br><br><strong>Bias</strong><br>If \(T\) estimates \(\theta\), \[\operatorname{Bias}_\theta(T)=\mathbb E_\theta[T]-\theta.\]<br><br><strong>Unbiasedness</strong><br>The estimator is unbiased if \(\operatorname{Bias}_\theta(T)=0\) for every \(\theta\in\Theta\).	statistics estimator expectation bias	Statistics	Estimation	definition	2026-08-25	2026-08-25-likelihood-estimation-consolidation.md
STAT-0007	Define the MSE of \(T\) and state its bias-variance decomposition.	<strong>Definition</strong><br>The mean squared error is \[\operatorname{MSE}_\theta(T)=\mathbb E_\theta[(T-\theta)^2].\]<br><br><strong>Bias-variance decomposition</strong><br>\[\boxed{\operatorname{MSE}_\theta(T)=\operatorname{Var}_\theta(T)+\operatorname{Bias}_\theta(T)^2}.\]<br><br><strong>Interpretation</strong><br>Variance measures fluctuation around \(\mathbb E_\theta[T]\). Bias measures the displacement of \(\mathbb E_\theta[T]\) from \(\theta\).	statistics mse bias-variance	Statistics	Estimation	fact	2026-08-25	2026-08-25-likelihood-estimation-consolidation.md
STAT-0008	What does it mean for \(T_n\) to be consistent for \(\theta\)?	<strong>Definition</strong><br>Let \[X^{(n)}\in\mathbb R^n,\qquad T_n:\mathbb R^n\to\Theta.\] The sequence \(T_n\) is consistent for \(\theta\) if, for every \(\varepsilon>0\), \[P_\theta\left(\left|T_n(X^{(n)})-\theta\right|>\varepsilon\right)\longrightarrow0.\]<br><br><strong>Equivalent notation</strong><br>\[T_n(X^{(n)})\xrightarrow{P_\theta}\theta.\]<br><br><strong>Interpretation</strong><br>For every fixed error tolerance, the probability that the estimator misses \(\theta\) by more than that tolerance goes to zero.	statistics consistency convergence-in-probability	Statistics	Estimation	definition	2026-08-25	2026-08-25-likelihood-estimation-consolidation.md
STAT-0009	What is statistical estimation trying to do?	<strong>Idea</strong><br>We observe random data whose underlying distribution is unknown. Often we do not need the whole distribution; we want some unknown feature of it, such as a mean, variance, success probability, or a parameter in a statistical model. An estimator is a rule that uses the data to estimate that unknown quantity.<br><br><strong>Example</strong><br>\[\bar X=\frac1n\sum_{i=1}^n X_i\] is a natural estimator of the population mean \(\mu=\mathbb E[X_i]\).<br><br><strong>Formal connection</strong><br>In our parametric setup, we model the unknown data law as \(P_{\theta_0}\) inside a candidate family \(\{P_\theta:\theta\in\Theta\}\). We construct a rule \(T\) from data to parameter and then study how that rule behaves under repeated random samples.<br><br><strong>Summary</strong><br>\[\boxed{\text{unknown feature of a distribution}\;\longrightarrow\;\text{use data to estimate it}.}\]	statistics estimation construction evaluation intuition	Statistics	Estimation	concept	2026-08-25	2026-08-25-likelihood-estimation-consolidation.md
STAT-0010	How does the method of moments construct an estimator?	<strong>Definition</strong><br>For \(\theta\in\Theta\subseteq\mathbb R^k\), define \[m_j(\theta)=\mathbb E_\theta[X_1^j],\qquad j=1,\ldots,k.\] For observed \(x\), solve \[m_j(\theta)=\frac1n\sum_{i=1}^n x_i^j,\qquad j=1,\ldots,k.\] A chosen solution defines \(T_{\mathrm{MM}}(x)\).<br><br><strong>Interpretation</strong><br>The model says moments such as the mean or second moment are functions of the unknown parameter. Estimate those moments from the data, set the model moments equal to the sample moments, and solve backwards for the parameter.	statistics method-of-moments estimator moments	Statistics	Estimation	definition	2026-08-26	2026-08-26-method-of-moments-exact-sampling-distributions.md
STAT-0011	Why do we study the sampling distribution after constructing an estimator?	<strong>Repeated-sampling idea</strong><br>Our observed estimate \(T(x)\) is only one realized value. To understand whether the estimator is reliable, imagine repeatedly drawing new datasets from the same data law \(P_\theta\) and recomputing the estimate each time.<br><br><strong>Definition</strong><br>The distribution of those possible estimates is the sampling distribution \[P_\theta\circ T^{-1}.\]<br><br><strong>Why it matters</strong><br>It tells us how \(T(X)\) varies from sample to sample and lets us study bias, variance, MSE, error probabilities, and consistency.	statistics estimator sampling-distribution evaluation	Statistics	Estimation	concept	2026-08-26	2026-08-26-method-of-moments-exact-sampling-distributions.md
STAT-0012	What is the sample variance, and why does it divide by \(n-1\)?	<strong>Definition</strong><br>\[S^2=\frac1{n-1}\sum_{i=1}^n(X_i-\bar X_n)^2.\]<br><br><strong>Residual constraint</strong><br>Because \(\bar X_n\) is estimated from the same data, \[\sum_{i=1}^n(X_i-\bar X_n)=0.\] Once \(n-1\) residuals are known, the last is forced, so there are only \(n-1\) free residual directions.<br><br><strong>Expectation calculation</strong><br>For i.i.d. variables with variance \(\sigma^2\), \[\mathbb E\left[\sum_{i=1}^n(X_i-\bar X_n)^2\right]=(n-1)\sigma^2.\]<br><br><strong>Conclusion</strong><br>Dividing by \(n-1\) gives \(\mathbb E[S^2]=\sigma^2\). Dividing by \(n\) would instead give \(\frac{n-1}{n}\sigma^2\).	statistics sample-variance unbiasedness degrees-of-freedom	Statistics	Estimation	derivation	2026-08-26	2026-08-26-method-of-moments-exact-sampling-distributions.md
STAT-0013	What is the exact sampling distribution of the sample variance for Normal data?	<strong>Statement</strong><br>If \[X_1,\ldots,X_n\overset{\mathrm{i.i.d.}}{\sim}N(\mu,\sigma^2),\] then \[\frac{(n-1)S^2}{\sigma^2}\sim\chi^2_{n-1}.\]<br><br><strong>Why \(n-1\)</strong><br>The \(n-1\) degrees of freedom arise because the residuals satisfy \[\sum_{i=1}^n(X_i-\bar X_n)=0.\]	statistics sample-variance normal chi-squared	Statistics	Estimation	fact	2026-08-26	2026-08-26-method-of-moments-exact-sampling-distributions.md
STAT-0014	How is the Student's \(t\) distribution defined?	<strong>Definition</strong><br>If \[Z\sim N(0,1),\qquad U\sim\chi^2_\nu,\] and \(Z\) and \(U\) are independent, then \[T=\frac{Z}{\sqrt{U/\nu}}\] has a Student's \(t\) distribution with \(\nu\) degrees of freedom: \[T\sim t_\nu.\]	statistics student-t definition normal chi-squared	Statistics	Estimation	definition	2026-08-26	2026-08-26-students-t-exact-sampling-distribution.md
STAT-0015	What is the exact sampling distribution of the standardized sample mean when \(\sigma\) is unknown for Normal data?	<strong>Statement</strong><br>If \[X_1,\ldots,X_n\overset{\mathrm{i.i.d.}}{\sim}N(\mu,\sigma^2),\] and \[S^2=\frac1{n-1}\sum_{i=1}^n(X_i-\bar X)^2,\] then \[\boxed{\frac{\sqrt n(\bar X-\mu)}{S}\sim t_{n-1}.}\]<br><br><strong>Why</strong><br>\[\frac{\sqrt n(\bar X-\mu)}{\sigma}\sim N(0,1),\qquad \frac{(n-1)S^2}{\sigma^2}\sim\chi^2_{n-1},\] and these two quantities are independent. Therefore the ratio has the defining \(t\)-distribution form.	statistics student-t sampling-distribution normal sample-mean	Statistics	Estimation	fact	2026-08-26	2026-08-26-students-t-exact-sampling-distribution.md
STAT-0016	Why does replacing \(\sigma\) by \(S\) produce heavier tails?	<strong>Setup</strong><br>Write \[T=\frac{\sqrt n(\bar X-\mu)}{S}=\frac{Z}{S/\sigma}.\]<br><br><strong>Mechanism</strong><br>The denominator \(S/\sigma\) is random. If \(S<\sigma\), dividing by \(S/\sigma<1\) magnifies \(Z\).<br><br><strong>Why the tails are heavier</strong><br>Reciprocation is asymmetric: small denominator values can make the ratio arbitrarily large, while large denominator values only shrink it toward \(0\). This random scale uncertainty produces the heavier tails of the \(t\) distribution.<br><br><strong>Large-sample limit</strong><br>As \(n\) grows, \(S/\sigma\) concentrates near \(1\), so \[t_{n-1}\xrightarrow{d}N(0,1).\]	statistics student-t heavy-tails scale-uncertainty	Statistics	Estimation	concept	2026-08-26	2026-08-26-students-t-exact-sampling-distribution.md
STAT-0017	What are bias, variance, and MSE trying to tell us about an estimator?	<strong>Repeated-sampling view</strong><br>Imagine repeatedly sampling data from the same underlying distribution and recomputing the estimator.<br><br><strong>Bias</strong><br>Is the estimator systematically centred away from the true target? \[\operatorname{Bias}_\theta(T)=\mathbb E_\theta[T]-\theta.\]<br><br><strong>Variance</strong><br>How much does the estimator fluctuate from sample to sample around its own mean?<br><br><strong>MSE</strong><br>How large is the squared estimation error overall? \[\operatorname{MSE}_\theta(T)=\operatorname{Var}_\theta(T)+\operatorname{Bias}_\theta(T)^2.\] Bias measures systematic offset, variance measures sampling instability, and MSE combines both into one error criterion.	statistics estimator bias variance mse intuition	Statistics	Estimation	concept	2026-08-27	2026-08-27-statistics-flashcard-intuition-review.md
STAT-0018	What does consistency mean intuitively?	<strong>Interpretation</strong><br>Consistency asks whether an estimator homes in on the true target as we give it more and more data.<br><br><strong>Formal statement</strong><br>For every fixed error tolerance \(\varepsilon>0\), \[P_\theta\left(\left|T_n(X^{(n)})-\theta\right|>\varepsilon\right)\longrightarrow0.\]<br><br><strong>In words</strong><br>With enough data, fixed-size estimation errors become arbitrarily unlikely.<br><br><strong>Important nuance</strong><br>Consistency is an asymptotic property; it does not require the estimator to be unbiased at every finite \(n\).	statistics estimator consistency intuition convergence	Statistics	Estimation	concept	2026-08-27	2026-08-27-statistics-flashcard-intuition-review.md
STAT-0019	What does it mean for an estimator \(T_n\) of \(\theta\) to be asymptotically normal at the \(\sqrt n\) rate?	<strong>Definition</strong><br>For some \(\tau^2(\theta)>0\), \[\sqrt n(T_n-\theta)\xrightarrow{d}N(0,\tau^2(\theta)).\]<br><br><strong>Interpretation</strong><br>After centering at \(\theta\) and magnifying the shrinking estimation error by \(\sqrt n\), its distribution approaches a Normal law with nonzero variance.	statistics asymptotic-normality estimator	Statistics	Estimation	definition	2026-08-27	2026-08-27-estimator-asymptotics-standard-errors.md
STAT-0020	Why do we center and scale an estimator when studying its asymptotic distribution?	<strong>Interpretation</strong><br>Consistency tells us that \(T_n-\theta\) goes to \(0\), but not what the shrinking error looks like. Centering isolates the estimation error, and scaling magnifies it so that its limiting distribution can reveal the error's shape and scale.<br><br><strong>Common case</strong><br>If the estimation error has standard deviation of order \(1/\sqrt n\), the natural scaled error is \[\sqrt n(T_n-\theta).\]	statistics asymptotics centering scaling	Statistics	Estimation	concept	2026-08-27	2026-08-27-estimator-asymptotics-standard-errors.md
STAT-0021	State the quotient form of Slutsky's theorem and its use in estimation.	<strong>Statement</strong><br>If \[Y_n\xrightarrow{d}Y,\qquad Z_n\xrightarrow{P}c,\qquad c\neq0,\] then \[\frac{Y_n}{Z_n}\xrightarrow{d}\frac{Y}{c}.\]<br><br><strong>Connection</strong><br>In asymptotic estimation, this lets an unknown constant in a standardized statistic be replaced by a consistent estimator of that constant.	statistics slutsky asymptotics	Statistics	Estimation	fact	2026-08-27	2026-08-27-estimator-asymptotics-standard-errors.md
STAT-0022	What is the standard error of an estimator \(T_n\) under \(P_\theta\)?	<strong>Definition</strong><br>The standard error is the standard deviation of the sampling distribution of \(T_n\): \[\operatorname{SE}_\theta(T_n):=\sqrt{\operatorname{Var}_\theta(T_n)}.\]<br><br><strong>Interpretation</strong><br>It measures how much \(T_n\) varies from sample to sample when the data law is \(P_\theta\).	statistics standard-error sampling-distribution	Statistics	Estimation	definition	2026-08-27	2026-08-27-estimator-asymptotics-standard-errors.md
STAT-0023	What is a consistent standard-error estimator for \(T_n\)?	<strong>Definition</strong><br>Let \[s_n(\theta):=\operatorname{SE}_\theta(T_n).\] A nonnegative statistic \(\hat s_n\) is a consistent standard-error estimator if \[\frac{\hat s_n}{s_n(\theta)}\xrightarrow{P_\theta}1.\]<br><br><strong>Interpretation</strong><br>\(s_n(\theta)\) is the true sampling standard deviation of \(T_n\); \(\hat s_n\) estimates that quantity from the data.<br><br><strong>Special case</strong><br>If \(X_1,\ldots,X_n\) are i.i.d. with mean \(\mu\) and variance \(\sigma^2<\infty\), and \(T_n=\bar X_n\), then \[\operatorname{SE}(\bar X_n)=\frac{\sigma}{\sqrt n}.\] Since the sample standard deviation \(S\xrightarrow{P}\sigma\), \[\hat s_n=\frac{S}{\sqrt n}\] is a consistent standard-error estimator for \(\bar X_n\).	statistics standard-error consistency sample-mean	Statistics	Estimation	definition	2026-08-27	2026-08-27-estimator-asymptotics-standard-errors.md
STAT-0024	For an i.i.d. sample with finite variance, what is the difference between \(S\) and \(S/\sqrt n\) when estimating the population mean?	<strong>Sample standard deviation</strong><br>\(S\) estimates the population standard deviation \(\sigma\), so it estimates the spread of individual observations.<br><br><strong>Estimated standard error</strong><br>Since \[\operatorname{SE}(\bar X_n)=\frac{\sigma}{\sqrt n},\] the statistic \[\frac{S}{\sqrt n}\] estimates the sampling standard deviation of the estimator \(\bar X_n\).<br><br><strong>Key distinction</strong><br>\(S\) describes the spread of the data; \(S/\sqrt n\) describes the spread of the sample mean across repeated samples.	statistics sample-standard-deviation standard-error sample-mean	Statistics	Estimation	contrast	2026-08-27	2026-08-27-estimator-asymptotics-standard-errors.md
STAT-0025	What is a confidence interval for \(\theta\) at level \(1-\alpha\)?	<strong>Definition</strong><br>A pair of statistics \(L,U:\mathbb R^n\to\mathbb R\), depending only on the data, such that \[P_\theta\bigl(L(X)\le\theta\le U(X)\bigr)\ge 1-\alpha\qquad\text{for every }\theta\in\Theta.\]<br><br><strong>Interpretation</strong><br>The probability refers to the random interval \([L(X),U(X)]\) under repeated sampling from \(P_\theta\). It is a property of the procedure, not of \(\theta\).<br><br><strong>Warning</strong><br>Once \(X=x\) is observed, \(L(x)\) and \(U(x)\) are numbers and \(\theta_0\) is a fixed unknown constant. The statement \(L(x)\le\theta_0\le U(x)\) is then either true or false, and carries no non-trivial probability.	statistics confidence-interval coverage interpretation	Statistics	Confidence intervals	definition	2026-08-29	2026-08-29-confidence-intervals.md
STAT-0026	State the exact \(1-\alpha\) confidence interval for the mean of an i.i.d. Normal sample with unknown variance.	<strong>Setup</strong><br>\(X_1,\ldots,X_n\) i.i.d. \(N(\mu,\sigma^2)\) with both parameters unknown, sample mean \(\bar X_n\), and sample standard deviation \(S\).<br><br><strong>Formula</strong><br>\[\boxed{\bar X_n\pm t_{n-1,\,1-\alpha/2}\,\frac{S}{\sqrt n}}\]<br><br><strong>Derivation</strong><br>Since \[\frac{\sqrt n\,(\bar X_n-\mu)}{S}\sim t_{n-1}\] exactly, bracketing this quantity between \(\pm t_{n-1,\,1-\alpha/2}\) and solving the resulting inequality for \(\mu\) gives the interval.<br><br><strong>Conditions</strong><br>Coverage is exactly \(1-\alpha\) at every \(n\) and every \((\mu,\sigma^2)\), but the result requires Normality of the data.	statistics confidence-interval students-t normal-mean exact	Statistics	Confidence intervals	fact	2026-08-29	2026-08-29-confidence-intervals.md
STAT-0027	State the asymptotic \(1-\alpha\) confidence interval for a mean when the data law is unknown.	<strong>Setup</strong><br>\(X_1,\ldots,X_n\) i.i.d. from any law with mean \(\mu\) and finite variance \(\sigma^2>0\).<br><br><strong>Formula</strong><br>\[\bar X_n\pm z_{1-\alpha/2}\,\frac{S}{\sqrt n},\] and more generally \[T_n\pm z_{1-\alpha/2}\,\hat s_n\] for an asymptotically Normal estimator \(T_n\) with consistent standard error \(\hat s_n\).<br><br><strong>Derivation</strong><br>The central limit theorem gives \[\frac{\sqrt n\,(\bar X_n-\mu)}{\sigma}\xrightarrow{d}N(0,1),\] and \(S\xrightarrow{P}\sigma\), so Slutsky's theorem gives \[\frac{\sqrt n\,(\bar X_n-\mu)}{S}\xrightarrow{d}N(0,1).\]<br><br><strong>Warning</strong><br>Coverage converges to \(1-\alpha\) rather than equalling it. The central limit theorem supplies no rate, so this gives no finite-sample guarantee.	statistics confidence-interval clt slutsky asymptotic standard-error	Statistics	Confidence intervals	fact	2026-08-29	2026-08-29-confidence-intervals.md
STAT-0028	When is the interval \(\bar X_n\pm z_{1-\alpha/2}S/\sqrt n\) unreliable in practice?	<strong>Warning</strong><br>Strongly skewed or heavy-tailed populations. A typical sample understates both the mean and the spread, so the interval is simultaneously mis-centred and too narrow, and both errors act in the same direction.<br><br><strong>Example/Intuition</strong><br>For Lognormal\((0,1.5)\) data, the true coverage of a nominal \(95\%\) interval is roughly \(0.78\) at \(n=30\), \(0.88\) at \(n=200\), and \(0.93\) at \(n=2000\).<br><br><strong>Special case</strong><br>For a proportion, what matters is the expected count in the rare class rather than \(n\) alone. A common requirement is \(n\hat p\ge 10\) and \(n(1-\hat p)\ge 10\).<br><br><strong>Check</strong><br>Coverage at a given \(n\) can be measured directly by repeatedly simulating datasets from a population resembling the data and counting how often the interval contains the known mean.	statistics confidence-interval coverage skewness failure-modes	Statistics	Confidence intervals	judgement	2026-08-29	2026-08-29-confidence-intervals.md
STAT-0029	What are the three routes to the sampling distribution of an estimator \(T_n\)?	<strong>Problem</strong><br>Inference requires the sampling distribution of \(T_n\), which depends on the unknown data law \(F\) and so cannot be computed directly.<br><br><strong>Exact route</strong><br>Assume a distributional family and find a pivot whose finite-sample law is parameter-free. Requires strong assumptions such as Normality.<br><br><strong>Asymptotic route</strong><br>Apply the central limit theorem to obtain an approximate Normal law as \(n\to\infty\). Requires a finite variance and sufficiently large \(n\).<br><br><strong>Bootstrap route</strong><br>Estimate \(F\) itself by the empirical distribution \(\hat F_n\), then compute the sampling distribution of \(T_n\) under \(\hat F_n\).	statistics sampling-distribution inference bootstrap overview	Statistics	Bootstrap and resampling	concept	2026-08-30	2026-08-30-bootstrap-empirical-distribution.md
STAT-0030	Define the empirical distribution of a sample \(x_1,\ldots,x_n\).	<strong>Definition</strong><br>\[\hat F_n(t)=\frac1n\sum_{i=1}^n\mathbf 1\{x_i\le t\}.\] This is the CDF of the distribution assigning probability \(1/n\) to each index \(i\), with value \(x_i\); a value occurring \(k\) times receives probability \(k/n\).<br><br><strong>Pointwise convergence</strong><br>For fixed \(t\), the variables \(\mathbf 1\{X_i\le t\}\) are i.i.d. Bernoulli\((F(t))\), so \(\hat F_n(t)\) is a sample mean. The strong law gives \(\hat F_n(t)\to F(t)\) almost surely, and \[\operatorname{Var}\bigl(\hat F_n(t)\bigr)=\frac{F(t)\bigl(1-F(t)\bigr)}{n}.\]<br><br><strong>Interpretation</strong><br>A fully known distribution built from the data, usable as a stand-in for the unknown \(F\).	statistics empirical-distribution ecdf law-of-large-numbers	Statistics	Bootstrap and resampling	definition	2026-08-30	2026-08-30-bootstrap-empirical-distribution.md
STAT-0031	State the Glivenko-Cantelli theorem and its role.	<strong>Statement</strong><br>For \(X_1,\ldots,X_n\) i.i.d. with CDF \(F\), \[\sup_{t\in\mathbb R}\bigl|\hat F_n(t)-F(t)\bigr|\xrightarrow{\text{a.s.}}0.\]<br><br><strong>Conditions</strong><br>None beyond i.i.d. sampling. No density, no moment assumptions, and no parametric family are required.<br><br><strong>Interpretation</strong><br>Convergence is uniform in \(t\) rather than merely pointwise, so the whole empirical CDF converges to the true one. This is what licenses treating \(\hat F_n\) as a stand-in for \(F\).<br><br><strong>Warning</strong><br>It does not by itself establish that the bootstrap works, which is a separate claim. It also says nothing beyond the observed range, so tail-driven functionals remain poorly served.	statistics glivenko-cantelli empirical-distribution uniform-convergence	Statistics	Bootstrap and resampling	fact	2026-08-30	2026-08-30-bootstrap-empirical-distribution.md
STAT-0032	What is a bootstrap sample \(X_1^*,\ldots,X_n^*\)?	<strong>Definition</strong><br>Conditional on the observed data \(x_1,\ldots,x_n\), let \[I_1,\ldots,I_n\ \text{i.i.d.}\sim\text{Uniform}\{1,\ldots,n\},\qquad X_j^*=x_{I_j}.\] Equivalently, an i.i.d. sample of size \(n\) from \(\hat F_n\).<br><br><strong>Equivalent form</strong><br>Drawing \(n\) values from the observed data with replacement.<br><br><strong>Convention</strong><br>The starred variables are defined conditionally on the data, so every bootstrap probability statement is conditional on \(x\). The resample size matches the original \(n\).<br><br><strong>Warning</strong><br>Sampling without replacement makes the draws dependent, and drawing all \(n\) without replacement returns a permutation of \(x\), which is constant under any symmetric \(T_n\). Repeated and omitted values within a resample are consequences of independence, not defects.	statistics bootstrap resampling with-replacement	Statistics	Bootstrap and resampling	definition	2026-08-30	2026-08-30-bootstrap-empirical-distribution.md
STAT-0033	State the bootstrap principle and the two sources of error in it.	<strong>Statement</strong><br>\[\mathcal L\bigl(T_n(X_1,\ldots,X_n)\mid X_i\sim F\bigr)\;\approx\;\mathcal L\bigl(T_n(X_1^*,\ldots,X_n^*)\mid X_i^*\sim\hat F_n\bigr).\] The left side is wanted but not computable; the right side is computable to arbitrary accuracy.<br><br><strong>Statistical error</strong><br>\(\hat F_n\ne F\). This is the substantive error and shrinks only with \(n\).<br><br><strong>Monte Carlo error</strong><br>Using \(B\) resamples rather than all \(n^n\) of them. This shrinks with \(B\), which is chosen freely.<br><br><strong>Warning</strong><br>The bootstrap distribution is centred near the observed estimate \(T_n(x)\) rather than near \(\theta_0\), so it approximates the spread of \(T_n\) rather than its position relative to the truth. Resampling measures sampling variability; it neither reduces it nor detects sampling bias.	statistics bootstrap principle monte-carlo error-sources	Statistics	Bootstrap and resampling	concept	2026-08-30	2026-08-30-bootstrap-empirical-distribution.md
STAT-0034	How is the bootstrap standard error of \(T_n\) computed?	<strong>Algorithm</strong><br>For \(b=1,\ldots,B\), draw a bootstrap sample and set \(T^*_{(b)}=T_n(X_1^*,\ldots,X_n^*)\). Then \[\widehat{\operatorname{se}}_{\text{boot}}=\sqrt{\frac1{B-1}\sum_{b=1}^B\bigl(T^*_{(b)}-\bar T^*\bigr)^2},\qquad \bar T^*=\frac1B\sum_{b=1}^B T^*_{(b)}.\]<br><br><strong>Justification</strong><br>The standard error is the standard deviation of the sampling distribution of \(T_n\), so it is estimated by the standard deviation of the bootstrap distribution.<br><br><strong>Interpretation</strong><br>No formula for \(\operatorname{Var}_\theta(T_n)\) and no distributional assumption are required, so the procedure applies unchanged to the median, sample quantiles, a ratio of means, AUC, or any statistic without an analytic standard error.<br><br><strong>Warning</strong><br>\(\hat F_n\) has no support beyond the observed range, so statistics driven by the extreme tail, such as the sample maximum or extreme quantiles, are poorly served. Small \(n\) with strong skewness also remains unreliable, since the bootstrap is itself only asymptotically justified.	statistics bootstrap standard-error algorithm	Statistics	Bootstrap and resampling	definition	2026-08-30	2026-08-30-bootstrap-empirical-distribution.md
